course_id,course_name,description,created_at
1,Course 1,Lorem ipsum dolor sit amet,2024-12-11T14:36:48
2,Course 2,Lorem ipsum dolor sit amet,2024-08-24T22:16:12
3,Course 3,Lorem ipsum dolor sit amet,2024-02-04T08:22:47
4,Course 4,Lorem ipsum dolor sit amet,2024-04-05T05:43:17
5,Course 5,Lorem ipsum dolor sit amet,2024-07-02T11:34:04
6,Course 6,Lorem ipsum dolor sit amet,2024-09-01T22:12:13
7,Course 7,Lorem ipsum dolor sit amet,2024-10-15T01:00:56
8,Course 8,Lorem ipsum dolor sit amet,2024-09-14T18:28:35
9,Course 9,Lorem ipsum dolor sit amet,2024-09-16T16:53:43
10,Course 10,Lorem ipsum dolor sit amet,2024-01-31T07:46:34
11,Course 11,Lorem ipsum dolor sit amet,2024-09-22T16:01:55
12,Course 12,Lorem ipsum dolor sit amet,2024-09-03T02:23:49
13,Course 13,Lorem ipsum dolor sit amet,2024-07-28T09:40:56
14,Course 14,Lorem ipsum dolor sit amet,2024-11-05T22:48:53
15,Course 15,Lorem ipsum dolor sit amet,2024-08-13T02:31:43
16,Course 16,Lorem ipsum dolor sit amet,2024-05-01T08:42:30
17,Course 17,Lorem ipsum dolor sit amet,2024-08-26T01:56:19
18,Course 18,Lorem ipsum dolor sit amet,2024-01-21T11:53:30
19,Course 19,Lorem ipsum dolor sit amet,2024-12-16T22:01:30
20,Course 20,Lorem ipsum dolor sit amet,2024-05-13T10:04:56
21,Course 21,Lorem ipsum dolor sit amet,2024-07-26T18:52:17
22,Course 22,Lorem ipsum dolor sit amet,2024-10-29T08:23:55
23,Course 23,Lorem ipsum dolor sit amet,2024-01-05T04:30:30
24,Course 24,Lorem ipsum dolor sit amet,2024-07-01T02:10:26
25,Course 25,Lorem ipsum dolor sit amet,2024-06-25T07:54:38
26,Course 26,Lorem ipsum dolor sit amet,2024-07-18T02:21:59
27,Course 27,Lorem ipsum dolor sit amet,2024-12-17T21:02:43
28,Course 28,Lorem ipsum dolor sit amet,2024-07-01T05:33:46
29,Course 29,Lorem ipsum dolor sit amet,2024-08-10T21:44:39
30,Course 30,Lorem ipsum dolor sit amet,2024-10-11T23:38:50
31,Course 31,Lorem ipsum dolor sit amet,2024-05-08T17:56:03
32,Course 32,Lorem ipsum dolor sit amet,2024-06-12T12:09:16
33,Course 33,Lorem ipsum dolor sit amet,2024-05-17T01:24:06
34,Course 34,Lorem ipsum dolor sit amet,2024-11-05T23:58:46
35,Course 35,Lorem ipsum dolor sit amet,2024-04-24T10:02:17
36,Course 36,Lorem ipsum dolor sit amet,2024-04-22T07:37:05
37,Course 37,Lorem ipsum dolor sit amet,2024-03-06T01:17:21
38,Course 38,Lorem ipsum dolor sit amet,2024-01-14T17:15:51
39,Course 39,Lorem ipsum dolor sit amet,2024-09-26T22:20:46
40,Course 40,Lorem ipsum dolor sit amet,2024-12-24T09:43:14
41,Course 41,Lorem ipsum dolor sit amet,2024-08-20T02:22:33
42,Course 42,Lorem ipsum dolor sit amet,2024-10-18T01:08:59
43,Course 43,Lorem ipsum dolor sit amet,2024-04-28T02:08:44
44,Course 44,Lorem ipsum dolor sit amet,2024-10-09T07:52:02
45,Course 45,Lorem ipsum dolor sit amet,2024-10-31T20:55:52
46,Course 46,Lorem ipsum dolor sit amet,2024-08-06T22:07:23
47,Course 47,Lorem ipsum dolor sit amet,2024-04-11T03:30:21
48,Course 48,Lorem ipsum dolor sit amet,2024-01-24T20:27:18
49,Course 49,Lorem ipsum dolor sit amet,2024-09-01T09:30:05
50,Course 50,Lorem ipsum dolor sit amet,2024-07-02T18:10:32
51,Course 51,Lorem ipsum dolor sit amet,2024-08-12T12:39:55
52,Course 52,Lorem ipsum dolor sit amet,2024-03-06T15:55:57
53,Course 53,Lorem ipsum dolor sit amet,2024-08-10T11:26:31
54,Course 54,Lorem ipsum dolor sit amet,2024-01-21T01:07:55
55,Course 55,Lorem ipsum dolor sit amet,2024-09-11T21:20:40
56,Course 56,Lorem ipsum dolor sit amet,2024-04-23T07:20:13
57,Course 57,Lorem ipsum dolor sit amet,2024-11-10T03:27:18
58,Course 58,Lorem ipsum dolor sit amet,2024-10-13T08:52:49
59,Course 59,Lorem ipsum dolor sit amet,2024-08-30T11:03:22
60,Course 60,Lorem ipsum dolor sit amet,2024-01-11T14:26:11
61,Course 61,Lorem ipsum dolor sit amet,2024-04-21T09:18:56
62,Course 62,Lorem ipsum dolor sit amet,2024-07-07T06:17:32
63,Course 63,Lorem ipsum dolor sit amet,2024-02-02T01:03:01
64,Course 64,Lorem ipsum dolor sit amet,2024-02-19T06:03:37
65,Course 65,Lorem ipsum dolor sit amet,2024-07-15T08:29:50
66,Course 66,Lorem ipsum dolor sit amet,2024-01-30T20:24:29
67,Course 67,Lorem ipsum dolor sit amet,2024-11-26T16:02:41
68,Course 68,Lorem ipsum dolor sit amet,2024-10-31T09:11:56
69,Course 69,Lorem ipsum dolor sit amet,2024-04-17T21:44:18
70,Course 70,Lorem ipsum dolor sit amet,2024-04-07T21:17:07
71,Course 71,Lorem ipsum dolor sit amet,2024-02-21T11:21:02
72,Course 72,Lorem ipsum dolor sit amet,2024-08-27T03:39:04
73,Course 73,Lorem ipsum dolor sit amet,2024-04-19T02:50:53
74,Course 74,Lorem ipsum dolor sit amet,2024-04-16T21:12:33
75,Course 75,Lorem ipsum dolor sit amet,2024-11-29T03:49:10
76,Course 76,Lorem ipsum dolor sit amet,2024-04-09T19:00:03
77,Course 77,Lorem ipsum dolor sit amet,2024-01-06T12:22:53
78,Course 78,Lorem ipsum dolor sit amet,2024-10-14T22:37:14
79,Course 79,Lorem ipsum dolor sit amet,2024-02-13T07:42:56
80,Course 80,Lorem ipsum dolor sit amet,2024-08-22T12:01:28
81,Course 81,Lorem ipsum dolor sit amet,2024-03-08T19:31:08
82,Course 82,Lorem ipsum dolor sit amet,2024-12-19T11:02:25
83,Course 83,Lorem ipsum dolor sit amet,2024-08-17T19:41:50
84,Course 84,Lorem ipsum dolor sit amet,2024-10-13T23:40:25
85,Course 85,Lorem ipsum dolor sit amet,2024-02-28T16:41:09
86,Course 86,Lorem ipsum dolor sit amet,2024-09-12T23:46:33
87,Course 87,Lorem ipsum dolor sit amet,2024-06-22T11:06:33
88,Course 88,Lorem ipsum dolor sit amet,2024-05-23T14:28:35
89,Course 89,Lorem ipsum dolor sit amet,2024-11-09T17:37:15
90,Course 90,Lorem ipsum dolor sit amet,2024-03-09T02:50:26
91,Course 91,Lorem ipsum dolor sit amet,2024-04-11T11:03:02
92,Course 92,Lorem ipsum dolor sit amet,2024-10-30T21:41:12
93,Course 93,Lorem ipsum dolor sit amet,2024-09-29T03:41:42
94,Course 94,Lorem ipsum dolor sit amet,2024-04-01T17:30:18
95,Course 95,Lorem ipsum dolor sit amet,2024-07-07T07:46:05
96,Course 96,Lorem ipsum dolor sit amet,2024-03-11T05:15:49
97,Course 97,Lorem ipsum dolor sit amet,2024-11-06T10:41:13
98,Course 98,Lorem ipsum dolor sit amet,2024-07-23T19:37:13
99,Course 99,Lorem ipsum dolor sit amet,2024-11-30T18:33:24
100,Course 100,Lorem ipsum dolor sit amet,2024-01-13T20:25:33
101,Course 101,Lorem ipsum dolor sit amet,2024-05-13T03:34:29
102,Course 102,Lorem ipsum dolor sit amet,2024-02-02T18:40:43
103,Course 103,Lorem ipsum dolor sit amet,2024-02-26T08:09:09
104,Course 104,Lorem ipsum dolor sit amet,2024-08-19T06:52:23
105,Course 105,Lorem ipsum dolor sit amet,2024-12-28T16:58:08
106,Course 106,Lorem ipsum dolor sit amet,2024-11-15T03:01:14
107,Course 107,Lorem ipsum dolor sit amet,2024-02-29T20:47:05
108,Course 108,Lorem ipsum dolor sit amet,2024-11-21T07:07:49
109,Course 109,Lorem ipsum dolor sit amet,2024-07-11T14:34:22
110,Course 110,Lorem ipsum dolor sit amet,2024-10-19T08:14:37
111,Course 111,Lorem ipsum dolor sit amet,2024-06-09T08:57:11
112,Course 112,Lorem ipsum dolor sit amet,2024-10-26T04:20:53
113,Course 113,Lorem ipsum dolor sit amet,2024-05-28T19:22:30
114,Course 114,Lorem ipsum dolor sit amet,2024-04-02T09:49:51
115,Course 115,Lorem ipsum dolor sit amet,2024-09-13T13:51:55
116,Course 116,Lorem ipsum dolor sit amet,2024-06-19T22:49:17
117,Course 117,Lorem ipsum dolor sit amet,2024-10-08T22:48:07
118,Course 118,Lorem ipsum dolor sit amet,2024-09-04T14:37:35
119,Course 119,Lorem ipsum dolor sit amet,2024-03-05T23:11:34
120,Course 120,Lorem ipsum dolor sit amet,2024-03-22T21:19:38
121,Course 121,Lorem ipsum dolor sit amet,2024-08-12T09:05:21
122,Course 122,Lorem ipsum dolor sit amet,2024-10-12T04:44:29
123,Course 123,Lorem ipsum dolor sit amet,2024-11-22T22:27:09
124,Course 124,Lorem ipsum dolor sit amet,2024-05-14T00:20:19
125,Course 125,Lorem ipsum dolor sit amet,2024-01-22T02:21:10
126,Course 126,Lorem ipsum dolor sit amet,2024-09-06T10:18:26
127,Course 127,Lorem ipsum dolor sit amet,2024-04-12T16:20:40
128,Course 128,Lorem ipsum dolor sit amet,2024-10-20T09:37:14
129,Course 129,Lorem ipsum dolor sit amet,2024-11-14T06:34:57
130,Course 130,Lorem ipsum dolor sit amet,2024-02-15T01:08:45
131,Course 131,Lorem ipsum dolor sit amet,2024-01-21T09:33:06
132,Course 132,Lorem ipsum dolor sit amet,2024-03-06T02:08:56
133,Course 133,Lorem ipsum dolor sit amet,2024-06-29T04:55:57
134,Course 134,Lorem ipsum dolor sit amet,2024-06-03T20:34:15
135,Course 135,Lorem ipsum dolor sit amet,2024-07-03T22:48:12
136,Course 136,Lorem ipsum dolor sit amet,2024-04-27T00:56:42
137,Course 137,Lorem ipsum dolor sit amet,2024-07-03T23:07:23
138,Course 138,Lorem ipsum dolor sit amet,2024-10-16T18:37:37
139,Course 139,Lorem ipsum dolor sit amet,2024-10-19T05:08:09
140,Course 140,Lorem ipsum dolor sit amet,2024-12-24T05:56:36
141,Course 141,Lorem ipsum dolor sit amet,2024-07-25T19:27:14
142,Course 142,Lorem ipsum dolor sit amet,2024-03-31T17:52:52
143,Course 143,Lorem ipsum dolor sit amet,2024-05-27T11:59:59
144,Course 144,Lorem ipsum dolor sit amet,2024-09-22T10:46:28
145,Course 145,Lorem ipsum dolor sit amet,2024-10-01T00:44:29
146,Course 146,Lorem ipsum dolor sit amet,2024-05-31T11:43:13
147,Course 147,Lorem ipsum dolor sit amet,2024-07-03T07:29:43
148,Course 148,Lorem ipsum dolor sit amet,2024-04-11T23:50:37
149,Course 149,Lorem ipsum dolor sit amet,2024-02-26T08:53:40
150,Course 150,Lorem ipsum dolor sit amet,2024-07-25T00:04:44
151,Course 151,Lorem ipsum dolor sit amet,2024-12-03T23:34:35
152,Course 152,Lorem ipsum dolor sit amet,2024-06-17T20:01:03
153,Course 153,Lorem ipsum dolor sit amet,2024-01-05T14:34:17
154,Course 154,Lorem ipsum dolor sit amet,2024-04-22T03:44:18
155,Course 155,Lorem ipsum dolor sit amet,2024-12-26T02:20:25
156,Course 156,Lorem ipsum dolor sit amet,2024-11-05T15:27:32
157,Course 157,Lorem ipsum dolor sit amet,2024-06-23T07:18:41
158,Course 158,Lorem ipsum dolor sit amet,2024-05-28T08:32:10
159,Course 159,Lorem ipsum dolor sit amet,2024-09-20T12:01:00
160,Course 160,Lorem ipsum dolor sit amet,2024-05-02T14:25:52
161,Course 161,Lorem ipsum dolor sit amet,2024-07-24T22:19:12
162,Course 162,Lorem ipsum dolor sit amet,2024-09-22T04:52:06
163,Course 163,Lorem ipsum dolor sit amet,2024-01-16T22:18:42
164,Course 164,Lorem ipsum dolor sit amet,2024-02-07T19:30:04
165,Course 165,Lorem ipsum dolor sit amet,2024-12-22T09:41:49
166,Course 166,Lorem ipsum dolor sit amet,2024-07-25T08:00:46
167,Course 167,Lorem ipsum dolor sit amet,2024-09-04T13:13:25
168,Course 168,Lorem ipsum dolor sit amet,2024-05-17T09:55:00
169,Course 169,Lorem ipsum dolor sit amet,2024-11-23T20:52:49
170,Course 170,Lorem ipsum dolor sit amet,2024-06-16T16:32:09
171,Course 171,Lorem ipsum dolor sit amet,2024-08-25T02:08:16
172,Course 172,Lorem ipsum dolor sit amet,2024-12-22T12:46:18
173,Course 173,Lorem ipsum dolor sit amet,2024-09-10T05:41:41
174,Course 174,Lorem ipsum dolor sit amet,2024-11-29T08:27:17
175,Course 175,Lorem ipsum dolor sit amet,2024-04-15T20:43:42
176,Course 176,Lorem ipsum dolor sit amet,2024-05-10T02:07:21
177,Course 177,Lorem ipsum dolor sit amet,2024-04-14T23:37:19
178,Course 178,Lorem ipsum dolor sit amet,2024-04-13T17:26:19
179,Course 179,Lorem ipsum dolor sit amet,2024-11-07T14:07:49
180,Course 180,Lorem ipsum dolor sit amet,2024-02-08T04:00:21
181,Course 181,Lorem ipsum dolor sit amet,2024-04-09T03:58:40
182,Course 182,Lorem ipsum dolor sit amet,2024-09-11T02:55:17
183,Course 183,Lorem ipsum dolor sit amet,2024-08-14T20:55:21
184,Course 184,Lorem ipsum dolor sit amet,2024-05-31T21:49:02
185,Course 185,Lorem ipsum dolor sit amet,2024-06-28T01:50:36
186,Course 186,Lorem ipsum dolor sit amet,2024-10-27T06:17:23
187,Course 187,Lorem ipsum dolor sit amet,2024-09-19T06:10:09
188,Course 188,Lorem ipsum dolor sit amet,2024-10-17T22:02:00
189,Course 189,Lorem ipsum dolor sit amet,2024-04-03T21:42:39
190,Course 190,Lorem ipsum dolor sit amet,2024-10-12T04:17:50
191,Course 191,Lorem ipsum dolor sit amet,2024-09-17T22:28:02
192,Course 192,Lorem ipsum dolor sit amet,2024-08-16T15:18:29
193,Course 193,Lorem ipsum dolor sit amet,2024-10-26T05:33:18
194,Course 194,Lorem ipsum dolor sit amet,2024-03-16T16:50:20
195,Course 195,Lorem ipsum dolor sit amet,2024-07-20T22:18:24
196,Course 196,Lorem ipsum dolor sit amet,2024-05-11T00:51:26
197,Course 197,Lorem ipsum dolor sit amet,2024-09-20T04:47:27
198,Course 198,Lorem ipsum dolor sit amet,2024-09-25T01:51:37
199,Course 199,Lorem ipsum dolor sit amet,2024-03-10T20:56:41
200,Course 200,Lorem ipsum dolor sit amet,2024-05-01T15:53:11
